Measure,Year,TravelType,Reason,UNIT,Value
Number of Trips by Irish Residents,2000,Domestic,All reasons for journey,Thousand,5478.0
Number of Trips by Irish Residents,2000,Domestic,Holiday,Thousand,2516.0
Number of Trips by Irish Residents,2000,Domestic,Business,Thousand,554.0
Number of Trips by Irish Residents,2000,Domestic,Visiting friends/relatives,Thousand,1800.0
Number of Trips by Irish Residents,2000,Domestic,Other reasons,Thousand,607.0
Number of Trips by Irish Residents,2000,Outbound,All reasons for journey,Thousand,3768.0
Number of Trips by Irish Residents,2000,Outbound,Holiday,Thousand,2226.0
Number of Trips by Irish Residents,2000,Outbound,Business,Thousand,622.0
Number of Trips by Irish Residents,2000,Outbound,Visiting friends/relatives,Thousand,663.0
Number of Trips by Irish Residents,2000,Outbound,Other reasons,Thousand,257.0
Number of Trips by Irish Residents,2001,Domestic,All reasons for journey,Thousand,6307.0
Number of Trips by Irish Residents,2001,Domestic,Holiday,Thousand,2902.0
Number of Trips by Irish Residents,2001,Domestic,Business,Thousand,652.0
Number of Trips by Irish Residents,2001,Domestic,Visiting friends/relatives,Thousand,2063.0
Number of Trips by Irish Residents,2001,Domestic,Other reasons,Thousand,690.0
Number of Trips by Irish Residents,2001,Outbound,All reasons for journey,Thousand,4162.0
Number of Trips by Irish Residents,2001,Outbound,Holiday,Thousand,2569.0
Number of Trips by Irish Residents,2001,Outbound,Business,Thousand,638.0
Number of Trips by Irish Residents,2001,Outbound,Visiting friends/relatives,Thousand,704.0
Number of Trips by Irish Residents,2001,Outbound,Other reasons,Thousand,251.0
Number of Trips by Irish Residents,2002,Domestic,All reasons for journey,Thousand,6452.0
Number of Trips by Irish Residents,2002,Domestic,Holiday,Thousand,2819.0
Number of Trips by Irish Residents,2002,Domestic,Business,Thousand,583.0
Number of Trips by Irish Residents,2002,Domestic,Visiting friends/relatives,Thousand,2286.0
Number of Trips by Irish Residents,2002,Domestic,Other reasons,Thousand,763.0
Number of Trips by Irish Residents,2002,Outbound,All reasons for journey,Thousand,4597.0
Number of Trips by Irish Residents,2002,Outbound,Holiday,Thousand,2833.0
Number of Trips by Irish Residents,2002,Outbound,Business,Thousand,609.0
Number of Trips by Irish Residents,2002,Outbound,Visiting friends/relatives,Thousand,856.0
Number of Trips by Irish Residents,2002,Outbound,Other reasons,Thousand,299.0
Number of Trips by Irish Residents,2003,Domestic,All reasons for journey,Thousand,6657.0
Number of Trips by Irish Residents,2003,Domestic,Holiday,Thousand,2933.0
Number of Trips by Irish Residents,2003,Domestic,Business,Thousand,619.0
Number of Trips by Irish Residents,2003,Domestic,Visiting friends/relatives,Thousand,2291.0
Number of Trips by Irish Residents,2003,Domestic,Other reasons,Thousand,814.0
Number of Trips by Irish Residents,2003,Outbound,All reasons for journey,Thousand,4974.0
Number of Trips by Irish Residents,2003,Outbound,Holiday,Thousand,3162.0
Number of Trips by Irish Residents,2003,Outbound,Business,Thousand,621.0
Number of Trips by Irish Residents,2003,Outbound,Visiting friends/relatives,Thousand,876.0
Number of Trips by Irish Residents,2003,Outbound,Other reasons,Thousand,315.0
Number of Trips by Irish Residents,2004,Domestic,All reasons for journey,Thousand,7001.0
Number of Trips by Irish Residents,2004,Domestic,Holiday,Thousand,3142.0
Number of Trips by Irish Residents,2004,Domestic,Business,Thousand,624.0
Number of Trips by Irish Residents,2004,Domestic,Visiting friends/relatives,Thousand,2420.0
Number of Trips by Irish Residents,2004,Domestic,Other reasons,Thousand,815.0
Number of Trips by Irish Residents,2004,Outbound,All reasons for journey,Thousand,5465.0
Number of Trips by Irish Residents,2004,Outbound,Holiday,Thousand,3472.0
Number of Trips by Irish Residents,2004,Outbound,Business,Thousand,684.0
Number of Trips by Irish Residents,2004,Outbound,Visiting friends/relatives,Thousand,985.0
Number of Trips by Irish Residents,2004,Outbound,Other reasons,Thousand,325.0
Number of Trips by Irish Residents,2005,Domestic,All reasons for journey,Thousand,7173.0
Number of Trips by Irish Residents,2005,Domestic,Holiday,Thousand,3348.0
Number of Trips by Irish Residents,2005,Domestic,Business,Thousand,770.0
Number of Trips by Irish Residents,2005,Domestic,Visiting friends/relatives,Thousand,2298.0
Number of Trips by Irish Residents,2005,Domestic,Other reasons,Thousand,757.0
Number of Trips by Irish Residents,2005,Outbound,All reasons for journey,Thousand,6189.0
Number of Trips by Irish Residents,2005,Outbound,Holiday,Thousand,3931.0
Number of Trips by Irish Residents,2005,Outbound,Business,Thousand,791.0
Number of Trips by Irish Residents,2005,Outbound,Visiting friends/relatives,Thousand,1118.0
Number of Trips by Irish Residents,2005,Outbound,Other reasons,Thousand,351.0
Number of Trips by Irish Residents,2006,Domestic,All reasons for journey,Thousand,7310.0
Number of Trips by Irish Residents,2006,Domestic,Holiday,Thousand,3827.0
Number of Trips by Irish Residents,2006,Domestic,Business,Thousand,761.0
Number of Trips by Irish Residents,2006,Domestic,Visiting friends/relatives,Thousand,2254.0
Number of Trips by Irish Residents,2006,Domestic,Other reasons,Thousand,468.0
Number of Trips by Irish Residents,2006,Outbound,All reasons for journey,Thousand,6981.0
Number of Trips by Irish Residents,2006,Outbound,Holiday,Thousand,4612.0
Number of Trips by Irish Residents,2006,Outbound,Business,Thousand,783.0
Number of Trips by Irish Residents,2006,Outbound,Visiting friends/relatives,Thousand,1317.0
Number of Trips by Irish Residents,2006,Outbound,Other reasons,Thousand,268.0
Number of Trips by Irish Residents,2007,Domestic,All reasons for journey,Thousand,7942.0
Number of Trips by Irish Residents,2007,Domestic,Holiday,Thousand,4271.0
Number of Trips by Irish Residents,2007,Domestic,Business,Thousand,711.0
Number of Trips by Irish Residents,2007,Domestic,Visiting friends/relatives,Thousand,2420.0
Number of Trips by Irish Residents,2007,Domestic,Other reasons,Thousand,541.0
Number of Trips by Irish Residents,2007,Outbound,All reasons for journey,Thousand,7830.0
Number of Trips by Irish Residents,2007,Outbound,Holiday,Thousand,5448.0
Number of Trips by Irish Residents,2007,Outbound,Business,Thousand,723.0
Number of Trips by Irish Residents,2007,Outbound,Visiting friends/relatives,Thousand,1356.0
Number of Trips by Irish Residents,2007,Outbound,Other reasons,Thousand,303.0
Number of Trips by Irish Residents,2008,Domestic,All reasons for journey,Thousand,8339.0
Number of Trips by Irish Residents,2008,Domestic,Holiday,Thousand,4398.0
Number of Trips by Irish Residents,2008,Domestic,Business,Thousand,658.0
Number of Trips by Irish Residents,2008,Domestic,Visiting friends/relatives,Thousand,2656.0
Number of Trips by Irish Residents,2008,Domestic,Other reasons,Thousand,627.0
Number of Trips by Irish Residents,2008,Outbound,All reasons for journey,Thousand,8042.0
Number of Trips by Irish Residents,2008,Outbound,Holiday,Thousand,5557.0
Number of Trips by Irish Residents,2008,Outbound,Business,Thousand,668.0
Number of Trips by Irish Residents,2008,Outbound,Visiting friends/relatives,Thousand,1455.0
Number of Trips by Irish Residents,2008,Outbound,Other reasons,Thousand,362.0
Number of Trips by Irish Residents,2009,Domestic,All reasons for journey,Thousand,8340.0
Number of Trips by Irish Residents,2009,Domestic,Holiday,Thousand,4037.0
Number of Trips by Irish Residents,2009,Domestic,Business,Thousand,600.0
Number of Trips by Irish Residents,2009,Domestic,Visiting friends/relatives,Thousand,2712.0
Number of Trips by Irish Residents,2009,Domestic,Education and training,Thousand,173.0
Number of Trips by Irish Residents,2009,Domestic,Sporting events,Thousand,282.0
Number of Trips by Irish Residents,2009,Domestic,Other reasons,Thousand,535.0
Number of Trips by Irish Residents,2009,Outbound,All reasons for journey,Thousand,7292.0
Number of Trips by Irish Residents,2009,Outbound,Holiday,Thousand,4499.0
Number of Trips by Irish Residents,2009,Outbound,Business,Thousand,638.0
Number of Trips by Irish Residents,2009,Outbound,Visiting friends/relatives,Thousand,1523.0
Number of Trips by Irish Residents,2009,Outbound,Education and training,Thousand,137.0
Number of Trips by Irish Residents,2009,Outbound,Sporting events,Thousand,275.0
Number of Trips by Irish Residents,2009,Outbound,Other reasons,Thousand,220.0
Number of Trips by Irish Residents,2010,Domestic,All reasons for journey,Thousand,7300.0
Number of Trips by Irish Residents,2010,Domestic,Holiday,Thousand,3978.0
Number of Trips by Irish Residents,2010,Domestic,Business,Thousand,370.0
Number of Trips by Irish Residents,2010,Domestic,Visiting friends/relatives,Thousand,1997.0
Number of Trips by Irish Residents,2010,Domestic,Education and training,Thousand,129.0
Number of Trips by Irish Residents,2010,Domestic,Work/looking for work,Thousand,113.0
Number of Trips by Irish Residents,2010,Domestic,Sporting events,Thousand,237.0
Number of Trips by Irish Residents,2010,Domestic,Other reasons,Thousand,476.0
Number of Trips by Irish Residents,2010,Outbound,All reasons for journey,Thousand,6917.0
Number of Trips by Irish Residents,2010,Outbound,Holiday,Thousand,3964.0
Number of Trips by Irish Residents,2010,Outbound,Business,Thousand,621.0
Number of Trips by Irish Residents,2010,Outbound,Visiting friends/relatives,Thousand,1592.0
Number of Trips by Irish Residents,2010,Outbound,Education and training,Thousand,121.0
Number of Trips by Irish Residents,2010,Outbound,Work/looking for work,Thousand,98.0
Number of Trips by Irish Residents,2010,Outbound,Sporting events,Thousand,224.0
Number of Trips by Irish Residents,2010,Outbound,Other reasons,Thousand,297.0
Number of Trips by Irish Residents,2011,Domestic,All reasons for journey,Thousand,7169.0
Number of Trips by Irish Residents,2011,Domestic,Holiday,Thousand,3696.0
Number of Trips by Irish Residents,2011,Domestic,Business,Thousand,350.0
Number of Trips by Irish Residents,2011,Domestic,Visiting friends/relatives,Thousand,2231.0
Number of Trips by Irish Residents,2011,Domestic,Education and training,Thousand,83.0
Number of Trips by Irish Residents,2011,Domestic,Work/looking for work,Thousand,121.0
Number of Trips by Irish Residents,2011,Domestic,Sporting events,Thousand,238.0
Number of Trips by Irish Residents,2011,Domestic,Other reasons,Thousand,449.0
Number of Trips by Irish Residents,2011,Outbound,All reasons for journey,Thousand,6514.0
Number of Trips by Irish Residents,2011,Outbound,Holiday,Thousand,3433.0
Number of Trips by Irish Residents,2011,Outbound,Business,Thousand,651.0
Number of Trips by Irish Residents,2011,Outbound,Visiting friends/relatives,Thousand,1662.0
Number of Trips by Irish Residents,2011,Outbound,Education and training,Thousand,90.0
Number of Trips by Irish Residents,2011,Outbound,Work/looking for work,Thousand,113.0
Number of Trips by Irish Residents,2011,Outbound,Sporting events,Thousand,252.0
Number of Trips by Irish Residents,2011,Outbound,Other reasons,Thousand,313.0
Number of Trips by Irish Residents,2012,Domestic,All reasons for journey,Thousand,8291.0
Number of Trips by Irish Residents,2012,Domestic,Holiday,Thousand,4036.0
Number of Trips by Irish Residents,2012,Domestic,Business,Thousand,350.0
Number of Trips by Irish Residents,2012,Domestic,Visiting friends/relatives,Thousand,2765.0
Number of Trips by Irish Residents,2012,Domestic,Education and training,Thousand,155.0
Number of Trips by Irish Residents,2012,Domestic,Work/looking for work,Thousand,130.0
Number of Trips by Irish Residents,2012,Domestic,Sporting events,Thousand,295.0
Number of Trips by Irish Residents,2012,Domestic,Other reasons,Thousand,560.0
Number of Trips by Irish Residents,2012,Outbound,All reasons for journey,Thousand,6623.0
Number of Trips by Irish Residents,2012,Outbound,Holiday,Thousand,3817.0
Number of Trips by Irish Residents,2012,Outbound,Business,Thousand,584.0
Number of Trips by Irish Residents,2012,Outbound,Visiting friends/relatives,Thousand,1472.0
Number of Trips by Irish Residents,2012,Outbound,Education and training,Thousand,102.0
Number of Trips by Irish Residents,2012,Outbound,Work/looking for work,Thousand,120.0
Number of Trips by Irish Residents,2012,Outbound,Sporting events,Thousand,300.0
Number of Trips by Irish Residents,2012,Outbound,Other reasons,Thousand,227.0
Number of Trips by Irish Residents,2013,Domestic,All reasons for journey,Thousand,8413.0
Number of Trips by Irish Residents,2013,Domestic,Holiday,Thousand,4073.0
Number of Trips by Irish Residents,2013,Domestic,Business,Thousand,364.0
Number of Trips by Irish Residents,2013,Domestic,Visiting friends/relatives,Thousand,2988.0
Number of Trips by Irish Residents,2013,Domestic,Education and training,Thousand,142.0
Number of Trips by Irish Residents,2013,Domestic,Work/looking for work,Thousand,84.0
Number of Trips by Irish Residents,2013,Domestic,Sporting events,Thousand,269.0
Number of Trips by Irish Residents,2013,Domestic,Other reasons,Thousand,493.0
Number of Trips by Irish Residents,2013,Outbound,All reasons for journey,Thousand,6575.0
Number of Trips by Irish Residents,2013,Outbound,Holiday,Thousand,3659.0
Number of Trips by Irish Residents,2013,Outbound,Business,Thousand,652.0
Number of Trips by Irish Residents,2013,Outbound,Visiting friends/relatives,Thousand,1624.0
Number of Trips by Irish Residents,2013,Outbound,Education and training,Thousand,85.0
Number of Trips by Irish Residents,2013,Outbound,Work/looking for work,Thousand,135.0
Number of Trips by Irish Residents,2013,Outbound,Sporting events,Thousand,222.0
Number of Trips by Irish Residents,2013,Outbound,Other reasons,Thousand,197.0
Number of Trips by Irish Residents,2014,Domestic,All reasons for journey,Thousand,8991.0
Number of Trips by Irish Residents,2014,Domestic,Holiday,Thousand,4436.0
Number of Trips by Irish Residents,2014,Domestic,Business,Thousand,453.0
Number of Trips by Irish Residents,2014,Domestic,Visiting friends/relatives,Thousand,2918.0
Number of Trips by Irish Residents,2014,Domestic,Education and training,Thousand,128.0
Number of Trips by Irish Residents,2014,Domestic,Work/looking for work,Thousand,101.0
Number of Trips by Irish Residents,2014,Domestic,Sporting events,Thousand,396.0
Number of Trips by Irish Residents,2014,Domestic,Other reasons,Thousand,559.0
Number of Trips by Irish Residents,2014,Outbound,All reasons for journey,Thousand,6677.0
Number of Trips by Irish Residents,2014,Outbound,Holiday,Thousand,3675.0
Number of Trips by Irish Residents,2014,Outbound,Business,Thousand,729.0
Number of Trips by Irish Residents,2014,Outbound,Visiting friends/relatives,Thousand,1620.0
Number of Trips by Irish Residents,2014,Outbound,Education and training,Thousand,85.0
Number of Trips by Irish Residents,2014,Outbound,Work/looking for work,Thousand,115.0
Number of Trips by Irish Residents,2014,Outbound,Sporting events,Thousand,255.0
Number of Trips by Irish Residents,2014,Outbound,Other reasons,Thousand,198.0
Number of Trips by Irish Residents,2015,Domestic,All reasons for journey,Thousand,9125.0
Number of Trips by Irish Residents,2015,Domestic,Holiday,Thousand,4658.0
Number of Trips by Irish Residents,2015,Domestic,Business,Thousand,407.0
Number of Trips by Irish Residents,2015,Domestic,Visiting friends/relatives,Thousand,2921.0
Number of Trips by Irish Residents,2015,Domestic,Education and training,Thousand,167.0
Number of Trips by Irish Residents,2015,Domestic,Work/looking for work,Thousand,80.0
Number of Trips by Irish Residents,2015,Domestic,Sporting events,Thousand,331.0
Number of Trips by Irish Residents,2015,Domestic,Other reasons,Thousand,559.0
Number of Trips by Irish Residents,2015,Outbound,All reasons for journey,Thousand,7094.0
Number of Trips by Irish Residents,2015,Outbound,Holiday,Thousand,4219.0
Number of Trips by Irish Residents,2015,Outbound,Business,Thousand,767.0
Number of Trips by Irish Residents,2015,Outbound,Visiting friends/relatives,Thousand,1430.0
Number of Trips by Irish Residents,2015,Outbound,Education and training,Thousand,88.0
Number of Trips by Irish Residents,2015,Outbound,Work/looking for work,Thousand,104.0
Number of Trips by Irish Residents,2015,Outbound,Sporting events,Thousand,291.0
Number of Trips by Irish Residents,2015,Outbound,Other reasons,Thousand,194.0
Number of Trips by Irish Residents,2016,Domestic,All reasons for journey,Thousand,9359.0
Number of Trips by Irish Residents,2016,Domestic,Holiday,Thousand,4870.0
Number of Trips by Irish Residents,2016,Domestic,Business,Thousand,431.0
Number of Trips by Irish Residents,2016,Domestic,Visiting friends/relatives,Thousand,3045.0
Number of Trips by Irish Residents,2016,Domestic,Education and training,Thousand,157.0
Number of Trips by Irish Residents,2016,Domestic,Work/looking for work,Thousand,84.0
Number of Trips by Irish Residents,2016,Domestic,Sporting events,Thousand,296.0
Number of Trips by Irish Residents,2016,Domestic,Other reasons,Thousand,477.0
Number of Trips by Irish Residents,2016,Outbound,All reasons for journey,Thousand,7644.0
Number of Trips by Irish Residents,2016,Outbound,Holiday,Thousand,4244.0
Number of Trips by Irish Residents,2016,Outbound,Business,Thousand,897.0
Number of Trips by Irish Residents,2016,Outbound,Visiting friends/relatives,Thousand,1747.0
Number of Trips by Irish Residents,2016,Outbound,Education and training,Thousand,100.0
Number of Trips by Irish Residents,2016,Outbound,Work/looking for work,Thousand,107.0
Number of Trips by Irish Residents,2016,Outbound,Sporting events,Thousand,264.0
Number of Trips by Irish Residents,2016,Outbound,Other reasons,Thousand,285.0
Number of Trips by Irish Residents,2017,Domestic,All reasons for journey,Thousand,9626.0
Number of Trips by Irish Residents,2017,Domestic,Holiday,Thousand,4886.0
Number of Trips by Irish Residents,2017,Domestic,Business,Thousand,426.0
Number of Trips by Irish Residents,2017,Domestic,Visiting friends/relatives,Thousand,3096.0
Number of Trips by Irish Residents,2017,Domestic,Education and training,Thousand,218.0
Number of Trips by Irish Residents,2017,Domestic,Work/looking for work,Thousand,68.0
Number of Trips by Irish Residents,2017,Domestic,Sporting events,Thousand,335.0
Number of Trips by Irish Residents,2017,Domestic,Other reasons,Thousand,598.0
Number of Trips by Irish Residents,2017,Outbound,All reasons for journey,Thousand,8171.0
Number of Trips by Irish Residents,2017,Outbound,Holiday,Thousand,4912.0
Number of Trips by Irish Residents,2017,Outbound,Business,Thousand,753.0
Number of Trips by Irish Residents,2017,Outbound,Visiting friends/relatives,Thousand,1730.0
Number of Trips by Irish Residents,2017,Outbound,Education and training,Thousand,113.0
Number of Trips by Irish Residents,2017,Outbound,Work/looking for work,Thousand,111.0
Number of Trips by Irish Residents,2017,Outbound,Sporting events,Thousand,288.0
Number of Trips by Irish Residents,2017,Outbound,Other reasons,Thousand,263.0
Number of Trips by Irish Residents,2018,Domestic,All reasons for journey,Thousand,10919.0
Number of Trips by Irish Residents,2018,Domestic,Holiday,Thousand,5323.0
Number of Trips by Irish Residents,2018,Domestic,Business,Thousand,473.0
Number of Trips by Irish Residents,2018,Domestic,Visiting friends/relatives,Thousand,3759.0
Number of Trips by Irish Residents,2018,Domestic,Education and training,Thousand,183.0
Number of Trips by Irish Residents,2018,Domestic,Work/looking for work,Thousand,130.0
Number of Trips by Irish Residents,2018,Domestic,Sporting events,Thousand,387.0
Number of Trips by Irish Residents,2018,Domestic,Other reasons,Thousand,664.0
Number of Trips by Irish Residents,2018,Outbound,All reasons for journey,Thousand,8643.0
Number of Trips by Irish Residents,2018,Outbound,Holiday,Thousand,5155.0
Number of Trips by Irish Residents,2018,Outbound,Business,Thousand,854.0
Number of Trips by Irish Residents,2018,Outbound,Visiting friends/relatives,Thousand,1884.0
Number of Trips by Irish Residents,2018,Outbound,Education and training,Thousand,111.0
Number of Trips by Irish Residents,2018,Outbound,Work/looking for work,Thousand,62.0
Number of Trips by Irish Residents,2018,Outbound,Sporting events,Thousand,326.0
Number of Trips by Irish Residents,2018,Outbound,Other reasons,Thousand,250.0
Number of Trips by Irish Residents,2019,Domestic,All reasons for journey,Thousand,11621.0
Number of Trips by Irish Residents,2019,Domestic,Holiday,Thousand,5819.0
Number of Trips by Irish Residents,2019,Domestic,Business,Thousand,551.0
Number of Trips by Irish Residents,2019,Domestic,Visiting friends/relatives,Thousand,3847.0
Number of Trips by Irish Residents,2019,Domestic,Education and training,Thousand,188.0
Number of Trips by Irish Residents,2019,Domestic,Work/looking for work,Thousand,159.0
Number of Trips by Irish Residents,2019,Domestic,Sporting events,Thousand,392.0
Number of Trips by Irish Residents,2019,Domestic,Other reasons,Thousand,665.0
Number of Trips by Irish Residents,2019,Outbound,All reasons for journey,Thousand,9350.0
Number of Trips by Irish Residents,2019,Outbound,Holiday,Thousand,5566.0
Number of Trips by Irish Residents,2019,Outbound,Business,Thousand,892.0
Number of Trips by Irish Residents,2019,Outbound,Visiting friends/relatives,Thousand,1936.0
Number of Trips by Irish Residents,2019,Outbound,Education and training,Thousand,148.0
Number of Trips by Irish Residents,2019,Outbound,Work/looking for work,Thousand,130.0
Number of Trips by Irish Residents,2019,Outbound,Sporting events,Thousand,368.0
Number of Trips by Irish Residents,2019,Outbound,Other reasons,Thousand,309.0
Number of Trips by Irish Residents,2020,Domestic,All reasons for journey,Thousand,7721.0
Number of Trips by Irish Residents,2020,Domestic,Holiday,Thousand,4155.0
Number of Trips by Irish Residents,2020,Domestic,Business,Thousand,243.0
Number of Trips by Irish Residents,2020,Domestic,Visiting friends/relatives,Thousand,2609.0
Number of Trips by Irish Residents,2020,Domestic,Other reasons,Thousand,715.0
Number of Trips by Irish Residents,2020,Outbound,All reasons for journey,Thousand,2365.0
Number of Trips by Irish Residents,2021,Domestic,All reasons for journey,Thousand,5663.0
Number of Trips by Irish Residents,2021,Domestic,Holiday,Thousand,3164.0
Number of Trips by Irish Residents,2021,Domestic,Business,Thousand,165.0
Number of Trips by Irish Residents,2021,Domestic,Visiting friends/relatives,Thousand,1880.0
Number of Trips by Irish Residents,2021,Domestic,Other reasons,Thousand,454.0
Number of Trips by Irish Residents,2021,Outbound,All reasons for journey,Thousand,2276.0
Number of Trips by Irish Residents,2021,Outbound,Holiday,Thousand,1080.0
Number of Trips by Irish Residents,2021,Outbound,Business,Thousand,171.0
Number of Trips by Irish Residents,2021,Outbound,Visiting friends/relatives,Thousand,742.0
Number of Trips by Irish Residents,2021,Outbound,Other reasons,Thousand,283.0
Number of Trips by Irish Residents,2022,Domestic,All reasons for journey,Thousand,13274.0
Number of Trips by Irish Residents,2022,Domestic,Holiday,Thousand,6620.0
Number of Trips by Irish Residents,2022,Domestic,Business,Thousand,528.0
Number of Trips by Irish Residents,2022,Domestic,Visiting friends/relatives,Thousand,4558.0
Number of Trips by Irish Residents,2022,Domestic,Other reasons,Thousand,1568.0
Number of Trips by Irish Residents,2022,Outbound,All reasons for journey,Thousand,8546.0
Number of Trips by Irish Residents,2022,Outbound,Holiday,Thousand,5385.0
Number of Trips by Irish Residents,2022,Outbound,Business,Thousand,502.0
Number of Trips by Irish Residents,2022,Outbound,Visiting friends/relatives,Thousand,2082.0
Number of Trips by Irish Residents,2022,Outbound,Other reasons,Thousand,576.0
Number of Trips by Irish Residents,2023,Domestic,All reasons for journey,Thousand,14309.0
Number of Trips by Irish Residents,2023,Domestic,Holiday,Thousand,6376.0
Number of Trips by Irish Residents,2023,Domestic,Business,Thousand,687.0
Number of Trips by Irish Residents,2023,Domestic,Visiting friends/relatives,Thousand,5728.0
Number of Trips by Irish Residents,2023,Domestic,Other reasons,Thousand,1518.0
Number of Trips by Irish Residents,2023,Outbound,All reasons for journey,Thousand,12633.0
Number of Trips by Irish Residents,2023,Outbound,Holiday,Thousand,7271.0
Number of Trips by Irish Residents,2023,Outbound,Business,Thousand,983.0
Number of Trips by Irish Residents,2023,Outbound,Visiting friends/relatives,Thousand,3530.0
Number of Trips by Irish Residents,2023,Outbound,Other reasons,Thousand,849.0
Number of Trips by Irish Residents,2024,Domestic,All reasons for journey,Thousand,16571.0
Number of Trips by Irish Residents,2024,Domestic,Holiday,Thousand,7120.0
Number of Trips by Irish Residents,2024,Domestic,Business,Thousand,921.0
Number of Trips by Irish Residents,2024,Domestic,Visiting friends/relatives,Thousand,6911.0
Number of Trips by Irish Residents,2024,Domestic,Other reasons,Thousand,1619.0
Number of Trips by Irish Residents,2024,Outbound,All reasons for journey,Thousand,13680.0
Number of Trips by Irish Residents,2024,Outbound,Holiday,Thousand,8270.0
Number of Trips by Irish Residents,2024,Outbound,Business,Thousand,974.0
Number of Trips by Irish Residents,2024,Outbound,Visiting friends/relatives,Thousand,3467.0
Number of Trips by Irish Residents,2024,Outbound,Other reasons,Thousand,968.0
Number of Nights by Irish Residents,2000,Domestic,All reasons for journey,Thousand,20703.0
Number of Nights by Irish Residents,2000,Domestic,Holiday,Thousand,11465.0
Number of Nights by Irish Residents,2000,Domestic,Business,Thousand,1672.0
Number of Nights by Irish Residents,2000,Domestic,Visiting friends/relatives,Thousand,5651.0
Number of Nights by Irish Residents,2000,Domestic,Other reasons,Thousand,1916.0
Number of Nights by Irish Residents,2000,Outbound,All reasons for journey,Thousand,35544.0
Number of Nights by Irish Residents,2000,Outbound,Holiday,Thousand,23883.0
Number of Nights by Irish Residents,2000,Outbound,Business,Thousand,3728.0
Number of Nights by Irish Residents,2000,Outbound,Visiting friends/relatives,Thousand,5123.0
Number of Nights by Irish Residents,2000,Outbound,Other reasons,Thousand,2810.0
Number of Nights by Irish Residents,2001,Domestic,All reasons for journey,Thousand,23207.0
Number of Nights by Irish Residents,2001,Domestic,Holiday,Thousand,13227.0
Number of Nights by Irish Residents,2001,Domestic,Business,Thousand,1778.0
Number of Nights by Irish Residents,2001,Domestic,Visiting friends/relatives,Thousand,5823.0
Number of Nights by Irish Residents,2001,Domestic,Other reasons,Thousand,2380.0
Number of Nights by Irish Residents,2001,Outbound,All reasons for journey,Thousand,37953.0
Number of Nights by Irish Residents,2001,Outbound,Holiday,Thousand,26786.0
Number of Nights by Irish Residents,2001,Outbound,Business,Thousand,3462.0
Number of Nights by Irish Residents,2001,Outbound,Visiting friends/relatives,Thousand,5175.0
Number of Nights by Irish Residents,2001,Outbound,Other reasons,Thousand,2530.0
Number of Nights by Irish Residents,2002,Domestic,All reasons for journey,Thousand,22222.0
Number of Nights by Irish Residents,2002,Domestic,Holiday,Thousand,12098.0
Number of Nights by Irish Residents,2002,Domestic,Business,Thousand,1633.0
Number of Nights by Irish Residents,2002,Domestic,Visiting friends/relatives,Thousand,6120.0
Number of Nights by Irish Residents,2002,Domestic,Other reasons,Thousand,2371.0
Number of Nights by Irish Residents,2002,Outbound,All reasons for journey,Thousand,40660.0
Number of Nights by Irish Residents,2002,Outbound,Holiday,Thousand,28353.0
Number of Nights by Irish Residents,2002,Outbound,Business,Thousand,3163.0
Number of Nights by Irish Residents,2002,Outbound,Visiting friends/relatives,Thousand,6415.0
Number of Nights by Irish Residents,2002,Outbound,Other reasons,Thousand,2730.0
Number of Nights by Irish Residents,2003,Domestic,All reasons for journey,Thousand,23616.0
Number of Nights by Irish Residents,2003,Domestic,Holiday,Thousand,13009.0
Number of Nights by Irish Residents,2003,Domestic,Business,Thousand,1788.0
Number of Nights by Irish Residents,2003,Domestic,Visiting friends/relatives,Thousand,6509.0
Number of Nights by Irish Residents,2003,Domestic,Other reasons,Thousand,2310.0
Number of Nights by Irish Residents,2003,Outbound,All reasons for journey,Thousand,43702.0
Number of Nights by Irish Residents,2003,Outbound,Holiday,Thousand,31115.0
Number of Nights by Irish Residents,2003,Outbound,Business,Thousand,3421.0
Number of Nights by Irish Residents,2003,Outbound,Visiting friends/relatives,Thousand,6150.0
Number of Nights by Irish Residents,2003,Outbound,Other reasons,Thousand,3015.0
Number of Nights by Irish Residents,2004,Domestic,All reasons for journey,Thousand,24189.0
Number of Nights by Irish Residents,2004,Domestic,Holiday,Thousand,13506.0
Number of Nights by Irish Residents,2004,Domestic,Business,Thousand,1665.0
Number of Nights by Irish Residents,2004,Domestic,Visiting friends/relatives,Thousand,6478.0
Number of Nights by Irish Residents,2004,Domestic,Other reasons,Thousand,2540.0
Number of Nights by Irish Residents,2004,Outbound,All reasons for journey,Thousand,46302.0
Number of Nights by Irish Residents,2004,Outbound,Holiday,Thousand,33692.0
Number of Nights by Irish Residents,2004,Outbound,Business,Thousand,3430.0
Number of Nights by Irish Residents,2004,Outbound,Visiting friends/relatives,Thousand,6906.0
Number of Nights by Irish Residents,2004,Outbound,Other reasons,Thousand,2274.0
Number of Nights by Irish Residents,2005,Domestic,All reasons for journey,Thousand,24607.0
Number of Nights by Irish Residents,2005,Domestic,Holiday,Thousand,13676.0
Number of Nights by Irish Residents,2005,Domestic,Business,Thousand,1973.0
Number of Nights by Irish Residents,2005,Domestic,Visiting friends/relatives,Thousand,6535.0
Number of Nights by Irish Residents,2005,Domestic,Other reasons,Thousand,2422.0
Number of Nights by Irish Residents,2005,Outbound,All reasons for journey,Thousand,51503.0
Number of Nights by Irish Residents,2005,Outbound,Holiday,Thousand,36714.0
Number of Nights by Irish Residents,2005,Outbound,Business,Thousand,3870.0
Number of Nights by Irish Residents,2005,Outbound,Visiting friends/relatives,Thousand,7706.0
Number of Nights by Irish Residents,2005,Outbound,Other reasons,Thousand,3211.0
Number of Nights by Irish Residents,2006,Domestic,All reasons for journey,Thousand,24203.0
Number of Nights by Irish Residents,2006,Domestic,Holiday,Thousand,14374.0
Number of Nights by Irish Residents,2006,Domestic,Business,Thousand,2080.0
Number of Nights by Irish Residents,2006,Domestic,Visiting friends/relatives,Thousand,6168.0
Number of Nights by Irish Residents,2006,Domestic,Other reasons,Thousand,1581.0
Number of Nights by Irish Residents,2006,Outbound,All reasons for journey,Thousand,54266.0
Number of Nights by Irish Residents,2006,Outbound,Holiday,Thousand,38884.0
Number of Nights by Irish Residents,2006,Outbound,Business,Thousand,4282.0
Number of Nights by Irish Residents,2006,Outbound,Visiting friends/relatives,Thousand,9063.0
Number of Nights by Irish Residents,2006,Outbound,Other reasons,Thousand,2037.0
Number of Nights by Irish Residents,2007,Domestic,All reasons for journey,Thousand,26328.0
Number of Nights by Irish Residents,2007,Domestic,Holiday,Thousand,16359.0
Number of Nights by Irish Residents,2007,Domestic,Business,Thousand,1771.0
Number of Nights by Irish Residents,2007,Domestic,Visiting friends/relatives,Thousand,6587.0
Number of Nights by Irish Residents,2007,Domestic,Other reasons,Thousand,1611.0
Number of Nights by Irish Residents,2007,Outbound,All reasons for journey,Thousand,62236.0
Number of Nights by Irish Residents,2007,Outbound,Holiday,Thousand,47019.0
Number of Nights by Irish Residents,2007,Outbound,Business,Thousand,3669.0
Number of Nights by Irish Residents,2007,Outbound,Visiting friends/relatives,Thousand,9304.0
Number of Nights by Irish Residents,2007,Outbound,Other reasons,Thousand,2244.0
Number of Nights by Irish Residents,2008,Domestic,All reasons for journey,Thousand,26195.0
Number of Nights by Irish Residents,2008,Domestic,Holiday,Thousand,15654.0
Number of Nights by Irish Residents,2008,Domestic,Business,Thousand,1573.0
Number of Nights by Irish Residents,2008,Domestic,Visiting friends/relatives,Thousand,6969.0
Number of Nights by Irish Residents,2008,Domestic,Other reasons,Thousand,2000.0
Number of Nights by Irish Residents,2008,Outbound,All reasons for journey,Thousand,63498.0
Number of Nights by Irish Residents,2008,Outbound,Holiday,Thousand,46229.0
Number of Nights by Irish Residents,2008,Outbound,Business,Thousand,4133.0
Number of Nights by Irish Residents,2008,Outbound,Visiting friends/relatives,Thousand,10400.0
Number of Nights by Irish Residents,2008,Outbound,Other reasons,Thousand,2736.0
Number of Nights by Irish Residents,2009,Domestic,All reasons for journey,Thousand,26027.0
Number of Nights by Irish Residents,2009,Domestic,Holiday,Thousand,14320.0
Number of Nights by Irish Residents,2009,Domestic,Business,Thousand,1437.0
Number of Nights by Irish Residents,2009,Domestic,Visiting friends/relatives,Thousand,6868.0
Number of Nights by Irish Residents,2009,Domestic,Education and training,Thousand,1175.0
Number of Nights by Irish Residents,2009,Domestic,Sporting events,Thousand,561.0
Number of Nights by Irish Residents,2009,Domestic,Other reasons,Thousand,1664.0
Number of Nights by Irish Residents,2009,Outbound,All reasons for journey,Thousand,55667.0
Number of Nights by Irish Residents,2009,Outbound,Holiday,Thousand,37869.0
Number of Nights by Irish Residents,2009,Outbound,Business,Thousand,2961.0
Number of Nights by Irish Residents,2009,Outbound,Visiting friends/relatives,Thousand,10358.0
Number of Nights by Irish Residents,2009,Outbound,Education and training,Thousand,1360.0
Number of Nights by Irish Residents,2009,Outbound,Sporting events,Thousand,884.0
Number of Nights by Irish Residents,2009,Outbound,Other reasons,Thousand,2234.0
Number of Nights by Irish Residents,2010,Domestic,All reasons for journey,Thousand,22540.0
Number of Nights by Irish Residents,2010,Domestic,Holiday,Thousand,13981.0
Number of Nights by Irish Residents,2010,Domestic,Business,Thousand,672.0
Number of Nights by Irish Residents,2010,Domestic,Visiting friends/relatives,Thousand,5346.0
Number of Nights by Irish Residents,2010,Domestic,Education and training,Thousand,672.0
Number of Nights by Irish Residents,2010,Domestic,Work/looking for work,Thousand,275.0
Number of Nights by Irish Residents,2010,Domestic,Sporting events,Thousand,478.0
Number of Nights by Irish Residents,2010,Domestic,Other reasons,Thousand,1115.0
Number of Nights by Irish Residents,2010,Outbound,All reasons for journey,Thousand,57473.0
Number of Nights by Irish Residents,2010,Outbound,Holiday,Thousand,37657.0
Number of Nights by Irish Residents,2010,Outbound,Business,Thousand,2495.0
Number of Nights by Irish Residents,2010,Outbound,Visiting friends/relatives,Thousand,12415.0
Number of Nights by Irish Residents,2010,Outbound,Education and training,Thousand,1160.0
Number of Nights by Irish Residents,2010,Outbound,Work/looking for work,Thousand,1060.0
Number of Nights by Irish Residents,2010,Outbound,Sporting events,Thousand,955.0
Number of Nights by Irish Residents,2010,Outbound,Other reasons,Thousand,1732.0
Number of Nights by Irish Residents,2011,Domestic,All reasons for journey,Thousand,21628.0
Number of Nights by Irish Residents,2011,Domestic,Holiday,Thousand,12972.0
Number of Nights by Irish Residents,2011,Domestic,Business,Thousand,586.0
Number of Nights by Irish Residents,2011,Domestic,Visiting friends/relatives,Thousand,5817.0
Number of Nights by Irish Residents,2011,Domestic,Education and training,Thousand,395.0
Number of Nights by Irish Residents,2011,Domestic,Work/looking for work,Thousand,307.0
Number of Nights by Irish Residents,2011,Domestic,Sporting events,Thousand,524.0
Number of Nights by Irish Residents,2011,Domestic,Other reasons,Thousand,1028.0
Number of Nights by Irish Residents,2011,Outbound,All reasons for journey,Thousand,54014.0
Number of Nights by Irish Residents,2011,Outbound,Holiday,Thousand,32183.0
Number of Nights by Irish Residents,2011,Outbound,Business,Thousand,2714.0
Number of Nights by Irish Residents,2011,Outbound,Visiting friends/relatives,Thousand,13462.0
Number of Nights by Irish Residents,2011,Outbound,Education and training,Thousand,1129.0
Number of Nights by Irish Residents,2011,Outbound,Work/looking for work,Thousand,1069.0
Number of Nights by Irish Residents,2011,Outbound,Sporting events,Thousand,969.0
Number of Nights by Irish Residents,2011,Outbound,Other reasons,Thousand,2488.0
Number of Nights by Irish Residents,2012,Domestic,All reasons for journey,Thousand,23703.0
Number of Nights by Irish Residents,2012,Domestic,Holiday,Thousand,12771.0
Number of Nights by Irish Residents,2012,Domestic,Business,Thousand,693.0
Number of Nights by Irish Residents,2012,Domestic,Visiting friends/relatives,Thousand,7033.0
Number of Nights by Irish Residents,2012,Domestic,Education and training,Thousand,1046.0
Number of Nights by Irish Residents,2012,Domestic,Work/looking for work,Thousand,442.0
Number of Nights by Irish Residents,2012,Domestic,Sporting events,Thousand,567.0
Number of Nights by Irish Residents,2012,Domestic,Other reasons,Thousand,1149.0
Number of Nights by Irish Residents,2012,Outbound,All reasons for journey,Thousand,53112.0
Number of Nights by Irish Residents,2012,Outbound,Holiday,Thousand,34462.0
Number of Nights by Irish Residents,2012,Outbound,Business,Thousand,2199.0
Number of Nights by Irish Residents,2012,Outbound,Visiting friends/relatives,Thousand,10502.0
Number of Nights by Irish Residents,2012,Outbound,Education and training,Thousand,1136.0
Number of Nights by Irish Residents,2012,Outbound,Work/looking for work,Thousand,2078.0
Number of Nights by Irish Residents,2012,Outbound,Sporting events,Thousand,1081.0
Number of Nights by Irish Residents,2012,Outbound,Other reasons,Thousand,1655.0
Number of Nights by Irish Residents,2013,Domestic,All reasons for journey,Thousand,24195.0
Number of Nights by Irish Residents,2013,Domestic,Holiday,Thousand,13986.0
Number of Nights by Irish Residents,2013,Domestic,Business,Thousand,616.0
Number of Nights by Irish Residents,2013,Domestic,Visiting friends/relatives,Thousand,7095.0
Number of Nights by Irish Residents,2013,Domestic,Education and training,Thousand,721.0
Number of Nights by Irish Residents,2013,Domestic,Work/looking for work,Thousand,266.0
Number of Nights by Irish Residents,2013,Domestic,Sporting events,Thousand,495.0
Number of Nights by Irish Residents,2013,Domestic,Other reasons,Thousand,1016.0
Number of Nights by Irish Residents,2013,Outbound,All reasons for journey,Thousand,51985.0
Number of Nights by Irish Residents,2013,Outbound,Holiday,Thousand,31726.0
Number of Nights by Irish Residents,2013,Outbound,Business,Thousand,2394.0
Number of Nights by Irish Residents,2013,Outbound,Visiting friends/relatives,Thousand,12141.0
Number of Nights by Irish Residents,2013,Outbound,Education and training,Thousand,1001.0
Number of Nights by Irish Residents,2013,Outbound,Work/looking for work,Thousand,2436.0
Number of Nights by Irish Residents,2013,Outbound,Sporting events,Thousand,932.0
Number of Nights by Irish Residents,2013,Outbound,Other reasons,Thousand,1356.0
Number of Nights by Irish Residents,2014,Domestic,All reasons for journey,Thousand,26086.0
Number of Nights by Irish Residents,2014,Domestic,Holiday,Thousand,14424.0
Number of Nights by Irish Residents,2014,Domestic,Business,Thousand,904.0
Number of Nights by Irish Residents,2014,Domestic,Visiting friends/relatives,Thousand,7335.0
Number of Nights by Irish Residents,2014,Domestic,Education and training,Thousand,745.0
Number of Nights by Irish Residents,2014,Domestic,Work/looking for work,Thousand,368.0
Number of Nights by Irish Residents,2014,Domestic,Sporting events,Thousand,755.0
Number of Nights by Irish Residents,2014,Domestic,Other reasons,Thousand,1556.0
Number of Nights by Irish Residents,2014,Outbound,All reasons for journey,Thousand,53652.0
Number of Nights by Irish Residents,2014,Outbound,Holiday,Thousand,33095.0
Number of Nights by Irish Residents,2014,Outbound,Business,Thousand,2980.0
Number of Nights by Irish Residents,2014,Outbound,Visiting friends/relatives,Thousand,12763.0
Number of Nights by Irish Residents,2014,Outbound,Education and training,Thousand,1024.0
Number of Nights by Irish Residents,2014,Outbound,Work/looking for work,Thousand,1722.0
Number of Nights by Irish Residents,2014,Outbound,Sporting events,Thousand,772.0
Number of Nights by Irish Residents,2014,Outbound,Other reasons,Thousand,1296.0
Number of Nights by Irish Residents,2015,Domestic,All reasons for journey,Thousand,25267.0
Number of Nights by Irish Residents,2015,Domestic,Holiday,Thousand,14751.0
Number of Nights by Irish Residents,2015,Domestic,Business,Thousand,672.0
Number of Nights by Irish Residents,2015,Domestic,Visiting friends/relatives,Thousand,6877.0
Number of Nights by Irish Residents,2015,Domestic,Education and training,Thousand,952.0
Number of Nights by Irish Residents,2015,Domestic,Work/looking for work,Thousand,259.0
Number of Nights by Irish Residents,2015,Domestic,Sporting events,Thousand,630.0
Number of Nights by Irish Residents,2015,Domestic,Other reasons,Thousand,1126.0
Number of Nights by Irish Residents,2015,Outbound,All reasons for journey,Thousand,53515.0
Number of Nights by Irish Residents,2015,Outbound,Holiday,Thousand,35276.0
Number of Nights by Irish Residents,2015,Outbound,Business,Thousand,2905.0
Number of Nights by Irish Residents,2015,Outbound,Visiting friends/relatives,Thousand,10298.0
Number of Nights by Irish Residents,2015,Outbound,Education and training,Thousand,931.0
Number of Nights by Irish Residents,2015,Outbound,Work/looking for work,Thousand,1651.0
Number of Nights by Irish Residents,2015,Outbound,Sporting events,Thousand,920.0
Number of Nights by Irish Residents,2015,Outbound,Other reasons,Thousand,1535.0
Number of Nights by Irish Residents,2016,Domestic,All reasons for journey,Thousand,25589.0
Number of Nights by Irish Residents,2016,Domestic,Holiday,Thousand,15077.0
Number of Nights by Irish Residents,2016,Domestic,Business,Thousand,764.0
Number of Nights by Irish Residents,2016,Domestic,Visiting friends/relatives,Thousand,7238.0
Number of Nights by Irish Residents,2016,Domestic,Education and training,Thousand,772.0
Number of Nights by Irish Residents,2016,Domestic,Work/looking for work,Thousand,220.0
Number of Nights by Irish Residents,2016,Domestic,Sporting events,Thousand,574.0
Number of Nights by Irish Residents,2016,Domestic,Other reasons,Thousand,944.0
Number of Nights by Irish Residents,2016,Outbound,All reasons for journey,Thousand,56748.0
Number of Nights by Irish Residents,2016,Outbound,Holiday,Thousand,34957.0
Number of Nights by Irish Residents,2016,Outbound,Business,Thousand,4065.0
Number of Nights by Irish Residents,2016,Outbound,Visiting friends/relatives,Thousand,11841.0
Number of Nights by Irish Residents,2016,Outbound,Education and training,Thousand,1179.0
Number of Nights by Irish Residents,2016,Outbound,Work/looking for work,Thousand,1702.0
Number of Nights by Irish Residents,2016,Outbound,Sporting events,Thousand,1163.0
Number of Nights by Irish Residents,2016,Outbound,Other reasons,Thousand,1842.0
Number of Nights by Irish Residents,2017,Domestic,All reasons for journey,Thousand,25539.0
Number of Nights by Irish Residents,2017,Domestic,Holiday,Thousand,13844.0
Number of Nights by Irish Residents,2017,Domestic,Business,Thousand,745.0
Number of Nights by Irish Residents,2017,Domestic,Visiting friends/relatives,Thousand,7689.0
Number of Nights by Irish Residents,2017,Domestic,Education and training,Thousand,1218.0
Number of Nights by Irish Residents,2017,Domestic,Work/looking for work,Thousand,288.0
Number of Nights by Irish Residents,2017,Domestic,Sporting events,Thousand,669.0
Number of Nights by Irish Residents,2017,Domestic,Other reasons,Thousand,1086.0
Number of Nights by Irish Residents,2017,Outbound,All reasons for journey,Thousand,57698.0
Number of Nights by Irish Residents,2017,Outbound,Holiday,Thousand,36691.0
Number of Nights by Irish Residents,2017,Outbound,Business,Thousand,2705.0
Number of Nights by Irish Residents,2017,Outbound,Visiting friends/relatives,Thousand,11708.0
Number of Nights by Irish Residents,2017,Outbound,Education and training,Thousand,1810.0
Number of Nights by Irish Residents,2017,Outbound,Work/looking for work,Thousand,2165.0
Number of Nights by Irish Residents,2017,Outbound,Sporting events,Thousand,1053.0
Number of Nights by Irish Residents,2017,Outbound,Other reasons,Thousand,1565.0
Number of Nights by Irish Residents,2018,Domestic,All reasons for journey,Thousand,28393.0
Number of Nights by Irish Residents,2018,Domestic,Holiday,Thousand,15058.0
Number of Nights by Irish Residents,2018,Domestic,Business,Thousand,779.0
Number of Nights by Irish Residents,2018,Domestic,Visiting friends/relatives,Thousand,9000.0
Number of Nights by Irish Residents,2018,Domestic,Education and training,Thousand,884.0
Number of Nights by Irish Residents,2018,Domestic,Work/looking for work,Thousand,449.0
Number of Nights by Irish Residents,2018,Domestic,Sporting events,Thousand,678.0
Number of Nights by Irish Residents,2018,Domestic,Other reasons,Thousand,1545.0
Number of Nights by Irish Residents,2018,Outbound,All reasons for journey,Thousand,60623.0
Number of Nights by Irish Residents,2018,Outbound,Holiday,Thousand,40067.0
Number of Nights by Irish Residents,2018,Outbound,Business,Thousand,3129.0
Number of Nights by Irish Residents,2018,Outbound,Visiting friends/relatives,Thousand,12954.0
Number of Nights by Irish Residents,2018,Outbound,Education and training,Thousand,1172.0
Number of Nights by Irish Residents,2018,Outbound,Work/looking for work,Thousand,902.0
Number of Nights by Irish Residents,2018,Outbound,Sporting events,Thousand,1232.0
Number of Nights by Irish Residents,2018,Outbound,Other reasons,Thousand,1167.0
Number of Nights by Irish Residents,2019,Domestic,All reasons for journey,Thousand,29469.0
Number of Nights by Irish Residents,2019,Domestic,Holiday,Thousand,16003.0
Number of Nights by Irish Residents,2019,Domestic,Business,Thousand,879.0
Number of Nights by Irish Residents,2019,Domestic,Visiting friends/relatives,Thousand,8836.0
Number of Nights by Irish Residents,2019,Domestic,Education and training,Thousand,985.0
Number of Nights by Irish Residents,2019,Domestic,Work/looking for work,Thousand,605.0
Number of Nights by Irish Residents,2019,Domestic,Sporting events,Thousand,739.0
Number of Nights by Irish Residents,2019,Domestic,Other reasons,Thousand,1423.0
Number of Nights by Irish Residents,2019,Outbound,All reasons for journey,Thousand,66927.0
Number of Nights by Irish Residents,2019,Outbound,Holiday,Thousand,43783.0
Number of Nights by Irish Residents,2019,Outbound,Business,Thousand,3344.0
Number of Nights by Irish Residents,2019,Outbound,Visiting friends/relatives,Thousand,12601.0
Number of Nights by Irish Residents,2019,Outbound,Education and training,Thousand,2005.0
Number of Nights by Irish Residents,2019,Outbound,Work/looking for work,Thousand,1639.0
Number of Nights by Irish Residents,2019,Outbound,Sporting events,Thousand,1747.0
Number of Nights by Irish Residents,2019,Outbound,Other reasons,Thousand,1807.0
Number of Nights by Irish Residents,2020,Domestic,All reasons for journey,Thousand,23518.0
Number of Nights by Irish Residents,2020,Domestic,Holiday,Thousand,13351.0
Number of Nights by Irish Residents,2020,Domestic,Business,Thousand,595.0
Number of Nights by Irish Residents,2020,Domestic,Visiting friends/relatives,Thousand,7449.0
Number of Nights by Irish Residents,2020,Domestic,Other reasons,Thousand,2124.0
Number of Nights by Irish Residents,2020,Outbound,All reasons for journey,Thousand,15597.0
Number of Nights by Irish Residents,2021,Domestic,All reasons for journey,Thousand,17886.0
Number of Nights by Irish Residents,2021,Domestic,Holiday,Thousand,10835.0
Number of Nights by Irish Residents,2021,Domestic,Business,Thousand,368.0
Number of Nights by Irish Residents,2021,Domestic,Visiting friends/relatives,Thousand,5231.0
Number of Nights by Irish Residents,2021,Domestic,Other reasons,Thousand,1453.0
Number of Nights by Irish Residents,2021,Outbound,All reasons for journey,Thousand,17443.0
Number of Nights by Irish Residents,2021,Outbound,Holiday,Thousand,7156.0
Number of Nights by Irish Residents,2021,Outbound,Business,Thousand,1151.0
Number of Nights by Irish Residents,2021,Outbound,Visiting friends/relatives,Thousand,5187.0
Number of Nights by Irish Residents,2021,Outbound,Other reasons,Thousand,3949.0
Number of Nights by Irish Residents,2022,Domestic,All reasons for journey,Thousand,34236.0
Number of Nights by Irish Residents,2022,Domestic,Holiday,Thousand,18607.0
Number of Nights by Irish Residents,2022,Domestic,Business,Thousand,1150.0
Number of Nights by Irish Residents,2022,Domestic,Visiting friends/relatives,Thousand,10407.0
Number of Nights by Irish Residents,2022,Domestic,Other reasons,Thousand,4073.0
Number of Nights by Irish Residents,2022,Outbound,All reasons for journey,Thousand,61205.0
Number of Nights by Irish Residents,2022,Outbound,Holiday,Thousand,40147.0
Number of Nights by Irish Residents,2022,Outbound,Business,Thousand,2125.0
Number of Nights by Irish Residents,2022,Outbound,Visiting friends/relatives,Thousand,13799.0
Number of Nights by Irish Residents,2022,Outbound,Other reasons,Thousand,5134.0
Number of Nights by Irish Residents,2023,Domestic,All reasons for journey,Thousand,33966.0
Number of Nights by Irish Residents,2023,Domestic,Holiday,Thousand,16152.0
Number of Nights by Irish Residents,2023,Domestic,Business,Thousand,1059.0
Number of Nights by Irish Residents,2023,Domestic,Visiting friends/relatives,Thousand,13553.0
Number of Nights by Irish Residents,2023,Domestic,Other reasons,Thousand,3202.0
Number of Nights by Irish Residents,2023,Outbound,All reasons for journey,Thousand,79923.0
Number of Nights by Irish Residents,2023,Outbound,Holiday,Thousand,47660.0
Number of Nights by Irish Residents,2023,Outbound,Business,Thousand,3221.0
Number of Nights by Irish Residents,2023,Outbound,Visiting friends/relatives,Thousand,24469.0
Number of Nights by Irish Residents,2023,Outbound,Other reasons,Thousand,4572.0
Number of Nights by Irish Residents,2024,Domestic,All reasons for journey,Thousand,36747.0
Number of Nights by Irish Residents,2024,Domestic,Holiday,Thousand,16758.0
Number of Nights by Irish Residents,2024,Domestic,Business,Thousand,1267.0
Number of Nights by Irish Residents,2024,Domestic,Visiting friends/relatives,Thousand,15013.0
Number of Nights by Irish Residents,2024,Domestic,Other reasons,Thousand,3709.0
Number of Nights by Irish Residents,2024,Outbound,All reasons for journey,Thousand,81204.0
Number of Nights by Irish Residents,2024,Outbound,Holiday,Thousand,53505.0
Number of Nights by Irish Residents,2024,Outbound,Business,Thousand,3574.0
Number of Nights by Irish Residents,2024,Outbound,Visiting friends/relatives,Thousand,19579.0
Number of Nights by Irish Residents,2024,Outbound,Other reasons,Thousand,4546.0
Average Length of Stay by Irish Residents,2000,Domestic,All reasons for journey,Nights per Trip,3.8
Estimated Expenditure by Irish Residents,2000,Domestic,Holiday,Euro Million,447.7
Estimated Expenditure by Irish Residents,2000,Domestic,Business,Euro Million,109.5
Estimated Expenditure by Irish Residents,2000,Domestic,Visiting friends/relatives,Euro Million,81.3
Estimated Expenditure by Irish Residents,2000,Domestic,Other reasons,Euro Million,68.1
Estimated Expenditure by Irish Residents,2000,Outbound,All reasons for journey,Euro Million,3187.3
Estimated Expenditure by Irish Residents,2000,Outbound,Holiday,Euro Million,1984.5
Estimated Expenditure by Irish Residents,2000,Outbound,Business,Euro Million,740.3
Estimated Expenditure by Irish Residents,2000,Outbound,Visiting friends/relatives,Euro Million,297.5
Estimated Expenditure by Irish Residents,2000,Outbound,Other reasons,Euro Million,165.0
Estimated Expenditure by Irish Residents,2001,Domestic,All reasons for journey,Euro Million,879.9
Estimated Expenditure by Irish Residents,2001,Domestic,Holiday,Euro Million,549.7
Estimated Expenditure by Irish Residents,2001,Domestic,Business,Euro Million,149.3
Estimated Expenditure by Irish Residents,2001,Domestic,Visiting friends/relatives,Euro Million,86.6
Estimated Expenditure by Irish Residents,2001,Domestic,Other reasons,Euro Million,94.3
Estimated Expenditure by Irish Residents,2001,Outbound,All reasons for journey,Euro Million,3549.7
Estimated Expenditure by Irish Residents,2001,Outbound,Holiday,Euro Million,2252.0
Estimated Expenditure by Irish Residents,2001,Outbound,Business,Euro Million,810.5
Estimated Expenditure by Irish Residents,2001,Outbound,Visiting friends/relatives,Euro Million,290.4
Estimated Expenditure by Irish Residents,2001,Outbound,Other reasons,Euro Million,196.8
Estimated Expenditure by Irish Residents,2002,Domestic,All reasons for journey,Euro Million,894.4
Estimated Expenditure by Irish Residents,2002,Domestic,Holiday,Euro Million,501.6
Estimated Expenditure by Irish Residents,2002,Domestic,Business,Euro Million,152.9
Estimated Expenditure by Irish Residents,2002,Domestic,Visiting friends/relatives,Euro Million,97.2
Estimated Expenditure by Irish Residents,2002,Domestic,Other reasons,Euro Million,97.7
Estimated Expenditure by Irish Residents,2002,Outbound,All reasons for journey,Euro Million,3924.0
Estimated Expenditure by Irish Residents,2002,Outbound,Holiday,Euro Million,2565.3
Estimated Expenditure by Irish Residents,2002,Outbound,Business,Euro Million,796.1
Estimated Expenditure by Irish Residents,2002,Outbound,Visiting friends/relatives,Euro Million,351.2
Estimated Expenditure by Irish Residents,2002,Outbound,Other reasons,Euro Million,211.4
Estimated Expenditure by Irish Residents,2003,Domestic,All reasons for journey,Euro Million,970.1
Estimated Expenditure by Irish Residents,2003,Domestic,Holiday,Euro Million,575.9
Estimated Expenditure by Irish Residents,2003,Domestic,Business,Euro Million,157.6
Estimated Expenditure by Irish Residents,2003,Domestic,Visiting friends/relatives,Euro Million,114.0
Estimated Expenditure by Irish Residents,2003,Domestic,Other reasons,Euro Million,123.4
Estimated Expenditure by Irish Residents,2003,Outbound,All reasons for journey,Euro Million,4092.2
Estimated Expenditure by Irish Residents,2003,Outbound,Holiday,Euro Million,2720.1
Estimated Expenditure by Irish Residents,2003,Outbound,Business,Euro Million,792.3
Estimated Expenditure by Irish Residents,2003,Outbound,Visiting friends/relatives,Euro Million,366.7
Estimated Expenditure by Irish Residents,2003,Outbound,Other reasons,Euro Million,213.1
Estimated Expenditure by Irish Residents,2004,Domestic,All reasons for journey,Euro Million,1037.2
Estimated Expenditure by Irish Residents,2004,Domestic,Holiday,Euro Million,624.9
Estimated Expenditure by Irish Residents,2004,Domestic,Business,Euro Million,162.5
Estimated Expenditure by Irish Residents,2004,Domestic,Visiting friends/relatives,Euro Million,121.1
Estimated Expenditure by Irish Residents,2004,Domestic,Other reasons,Euro Million,128.7
Estimated Expenditure by Irish Residents,2004,Outbound,All reasons for journey,Euro Million,4258.2
Estimated Expenditure by Irish Residents,2004,Outbound,Holiday,Euro Million,2927.1
Estimated Expenditure by Irish Residents,2004,Outbound,Business,Euro Million,741.5
Estimated Expenditure by Irish Residents,2004,Outbound,Visiting friends/relatives,Euro Million,387.4
Estimated Expenditure by Irish Residents,2004,Outbound,Other reasons,Euro Million,202.2
Estimated Expenditure by Irish Residents,2005,Domestic,All reasons for journey,Euro Million,1164.5
Estimated Expenditure by Irish Residents,2005,Domestic,Holiday,Euro Million,706.8
Estimated Expenditure by Irish Residents,2005,Domestic,Business,Euro Million,188.3
Estimated Expenditure by Irish Residents,2005,Domestic,Visiting friends/relatives,Euro Million,142.4
Estimated Expenditure by Irish Residents,2005,Domestic,Other reasons,Euro Million,127.0
Estimated Expenditure by Irish Residents,2005,Outbound,All reasons for journey,Euro Million,5044.1
Estimated Expenditure by Irish Residents,2005,Outbound,Holiday,Euro Million,3407.1
Estimated Expenditure by Irish Residents,2005,Outbound,Business,Euro Million,840.6
Estimated Expenditure by Irish Residents,2005,Outbound,Visiting friends/relatives,Euro Million,531.7
Estimated Expenditure by Irish Residents,2005,Outbound,Other reasons,Euro Million,264.7
Estimated Expenditure by Irish Residents,2006,Domestic,All reasons for journey,Euro Million,1375.2
Estimated Expenditure by Irish Residents,2006,Domestic,Holiday,Euro Million,872.7
Estimated Expenditure by Irish Residents,2006,Domestic,Business,Euro Million,227.3
Estimated Expenditure by Irish Residents,2006,Domestic,Visiting friends/relatives,Euro Million,181.8
Estimated Expenditure by Irish Residents,2006,Domestic,Other reasons,Euro Million,93.4
Estimated Expenditure by Irish Residents,2006,Outbound,All reasons for journey,Euro Million,6134.5
Estimated Expenditure by Irish Residents,2006,Outbound,Holiday,Euro Million,4363.9
Estimated Expenditure by Irish Residents,2006,Outbound,Business,Euro Million,849.0
Estimated Expenditure by Irish Residents,2006,Outbound,Visiting friends/relatives,Euro Million,696.7
Estimated Expenditure by Irish Residents,2006,Outbound,Other reasons,Euro Million,224.9
Estimated Expenditure by Irish Residents,2007,Domestic,All reasons for journey,Euro Million,1551.0
Estimated Expenditure by Irish Residents,2007,Domestic,Holiday,Euro Million,1028.1
Estimated Expenditure by Irish Residents,2007,Domestic,Business,Euro Million,194.1
Estimated Expenditure by Irish Residents,2007,Domestic,Visiting friends/relatives,Euro Million,219.7
Estimated Expenditure by Irish Residents,2007,Domestic,Other reasons,Euro Million,109.1
Estimated Expenditure by Irish Residents,2007,Outbound,All reasons for journey,Euro Million,7344.8
Estimated Expenditure by Irish Residents,2007,Outbound,Holiday,Euro Million,5542.4
Estimated Expenditure by Irish Residents,2007,Outbound,Business,Euro Million,784.3
Estimated Expenditure by Irish Residents,2007,Outbound,Visiting friends/relatives,Euro Million,784.7
Estimated Expenditure by Irish Residents,2007,Outbound,Other reasons,Euro Million,233.4
Estimated Expenditure by Irish Residents,2008,Domestic,All reasons for journey,Euro Million,1546.0
Estimated Expenditure by Irish Residents,2008,Domestic,Holiday,Euro Million,1027.9
Estimated Expenditure by Irish Residents,2008,Domestic,Business,Euro Million,162.8
Estimated Expenditure by Irish Residents,2008,Domestic,Visiting friends/relatives,Euro Million,215.7
Estimated Expenditure by Irish Residents,2008,Domestic,Other reasons,Euro Million,139.6
Estimated Expenditure by Irish Residents,2008,Outbound,All reasons for journey,Euro Million,7187.0
Estimated Expenditure by Irish Residents,2008,Outbound,Holiday,Euro Million,5282.7
Estimated Expenditure by Irish Residents,2008,Outbound,Business,Euro Million,785.7
Estimated Expenditure by Irish Residents,2008,Outbound,Visiting friends/relatives,Euro Million,840.8
Estimated Expenditure by Irish Residents,2008,Outbound,Other reasons,Euro Million,277.8
Estimated Expenditure by Irish Residents,2009,Domestic,All reasons for journey,Euro Million,1389.8
Estimated Expenditure by Irish Residents,2009,Domestic,Holiday,Euro Million,843.3
Estimated Expenditure by Irish Residents,2009,Domestic,Business,Euro Million,136.2
Estimated Expenditure by Irish Residents,2009,Domestic,Visiting friends/relatives,Euro Million,171.1
Estimated Expenditure by Irish Residents,2009,Domestic,Education and training,Euro Million,61.9
Estimated Expenditure by Irish Residents,2009,Domestic,Sporting events,Euro Million,39.3
Estimated Expenditure by Irish Residents,2009,Domestic,Other reasons,Euro Million,138.0
Estimated Expenditure by Irish Residents,2009,Outbound,All reasons for journey,Euro Million,5786.9
Estimated Expenditure by Irish Residents,2009,Outbound,Holiday,Euro Million,3949.8
Estimated Expenditure by Irish Residents,2009,Outbound,Business,Euro Million,649.0
Estimated Expenditure by Irish Residents,2009,Outbound,Visiting friends/relatives,Euro Million,732.9
Estimated Expenditure by Irish Residents,2009,Outbound,Education and training,Euro Million,129.6
Estimated Expenditure by Irish Residents,2009,Outbound,Sporting events,Euro Million,136.2
Estimated Expenditure by Irish Residents,2009,Outbound,Other reasons,Euro Million,189.4
Estimated Expenditure by Irish Residents,2010,Domestic,All reasons for journey,Euro Million,1560.5
Estimated Expenditure by Irish Residents,2010,Domestic,Holiday,Euro Million,971.9
Estimated Expenditure by Irish Residents,2010,Domestic,Business,Euro Million,85.9
Estimated Expenditure by Irish Residents,2010,Domestic,Visiting friends/relatives,Euro Million,270.5
Estimated Expenditure by Irish Residents,2010,Domestic,Education and training,Euro Million,40.5
Estimated Expenditure by Irish Residents,2010,Domestic,Work/looking for work,Euro Million,19.5
Estimated Expenditure by Irish Residents,2010,Domestic,Sporting events,Euro Million,54.1
Estimated Expenditure by Irish Residents,2010,Domestic,Other reasons,Euro Million,118.1
Estimated Expenditure by Irish Residents,2010,Outbound,All reasons for journey,Euro Million,5895.7
Estimated Expenditure by Irish Residents,2010,Outbound,Holiday,Euro Million,3812.9
Estimated Expenditure by Irish Residents,2010,Outbound,Business,Euro Million,628.5
Estimated Expenditure by Irish Residents,2010,Outbound,Visiting friends/relatives,Euro Million,872.8
Estimated Expenditure by Irish Residents,2010,Outbound,Education and training,Euro Million,119.3
Estimated Expenditure by Irish Residents,2010,Outbound,Work/looking for work,Euro Million,91.2
Estimated Expenditure by Irish Residents,2010,Outbound,Sporting events,Euro Million,133.9
Estimated Expenditure by Irish Residents,2010,Outbound,Other reasons,Euro Million,237.2
Estimated Expenditure by Irish Residents,2011,Domestic,All reasons for journey,Euro Million,1415.9
Estimated Expenditure by Irish Residents,2011,Domestic,Holiday,Euro Million,864.9
Estimated Expenditure by Irish Residents,2011,Domestic,Business,Euro Million,76.9
Estimated Expenditure by Irish Residents,2011,Domestic,Visiting friends/relatives,Euro Million,265.9
Estimated Expenditure by Irish Residents,2011,Domestic,Education and training,Euro Million,26.5
Estimated Expenditure by Irish Residents,2011,Domestic,Work/looking for work,Euro Million,23.4
Estimated Expenditure by Irish Residents,2011,Domestic,Sporting events,Euro Million,51.0
Estimated Expenditure by Irish Residents,2011,Domestic,Other reasons,Euro Million,107.2
Estimated Expenditure by Irish Residents,2011,Outbound,All reasons for journey,Euro Million,5408.1
Estimated Expenditure by Irish Residents,2011,Outbound,Holiday,Euro Million,3148.6
Estimated Expenditure by Irish Residents,2011,Outbound,Business,Euro Million,744.8
Estimated Expenditure by Irish Residents,2011,Outbound,Visiting friends/relatives,Euro Million,938.4
Estimated Expenditure by Irish Residents,2011,Outbound,Education and training,Euro Million,72.7
Estimated Expenditure by Irish Residents,2011,Outbound,Work/looking for work,Euro Million,108.8
Estimated Expenditure by Irish Residents,2011,Outbound,Sporting events,Euro Million,134.5
Estimated Expenditure by Irish Residents,2011,Outbound,Other reasons,Euro Million,260.4
Estimated Expenditure by Irish Residents,2012,Domestic,All reasons for journey,Euro Million,1514.2
Estimated Expenditure by Irish Residents,2012,Domestic,Holiday,Euro Million,876.2
Estimated Expenditure by Irish Residents,2012,Domestic,Business,Euro Million,80.5
Estimated Expenditure by Irish Residents,2012,Domestic,Visiting friends/relatives,Euro Million,289.6
Estimated Expenditure by Irish Residents,2012,Domestic,Education and training,Euro Million,53.4
Estimated Expenditure by Irish Residents,2012,Domestic,Work/looking for work,Euro Million,37.9
Estimated Expenditure by Irish Residents,2012,Domestic,Sporting events,Euro Million,53.3
Estimated Expenditure by Irish Residents,2012,Domestic,Other reasons,Euro Million,123.4
Estimated Expenditure by Irish Residents,2012,Outbound,All reasons for journey,Euro Million,5342.5
Estimated Expenditure by Irish Residents,2012,Outbound,Holiday,Euro Million,3371.6
Estimated Expenditure by Irish Residents,2012,Outbound,Business,Euro Million,631.4
Estimated Expenditure by Irish Residents,2012,Outbound,Visiting friends/relatives,Euro Million,800.9
Estimated Expenditure by Irish Residents,2012,Outbound,Education and training,Euro Million,78.7
Estimated Expenditure by Irish Residents,2012,Outbound,Work/looking for work,Euro Million,131.1
Estimated Expenditure by Irish Residents,2012,Outbound,Sporting events,Euro Million,151.3
Estimated Expenditure by Irish Residents,2012,Outbound,Other reasons,Euro Million,177.4
Estimated Expenditure by Irish Residents,2013,Domestic,All reasons for journey,Euro Million,1533.0
Estimated Expenditure by Irish Residents,2013,Domestic,Holiday,Euro Million,947.2
Estimated Expenditure by Irish Residents,2013,Domestic,Business,Euro Million,84.2
Estimated Expenditure by Irish Residents,2013,Domestic,Visiting friends/relatives,Euro Million,284.8
Estimated Expenditure by Irish Residents,2013,Domestic,Education and training,Euro Million,46.4
Estimated Expenditure by Irish Residents,2013,Domestic,Work/looking for work,Euro Million,16.9
Estimated Expenditure by Irish Residents,2013,Domestic,Sporting events,Euro Million,49.9
Estimated Expenditure by Irish Residents,2013,Domestic,Other reasons,Euro Million,103.6
Estimated Expenditure by Irish Residents,2013,Outbound,All reasons for journey,Euro Million,5384.2
Estimated Expenditure by Irish Residents,2013,Outbound,Holiday,Euro Million,3192.8
Estimated Expenditure by Irish Residents,2013,Outbound,Business,Euro Million,812.4
Estimated Expenditure by Irish Residents,2013,Outbound,Visiting friends/relatives,Euro Million,888.0
Estimated Expenditure by Irish Residents,2013,Outbound,Education and training,Euro Million,90.1
Estimated Expenditure by Irish Residents,2013,Outbound,Work/looking for work,Euro Million,122.1
Estimated Expenditure by Irish Residents,2013,Outbound,Sporting events,Euro Million,126.3
Estimated Expenditure by Irish Residents,2013,Outbound,Other reasons,Euro Million,152.5
Estimated Expenditure by Irish Residents,2014,Domestic,All reasons for journey,Euro Million,1713.5
Estimated Expenditure by Irish Residents,2014,Domestic,Holiday,Euro Million,992.8
Estimated Expenditure by Irish Residents,2014,Domestic,Business,Euro Million,110.3
Estimated Expenditure by Irish Residents,2014,Domestic,Visiting friends/relatives,Euro Million,327.0
Estimated Expenditure by Irish Residents,2014,Domestic,Education and training,Euro Million,40.6
Estimated Expenditure by Irish Residents,2014,Domestic,Work/looking for work,Euro Million,21.0
Estimated Expenditure by Irish Residents,2014,Domestic,Sporting events,Euro Million,67.3
Estimated Expenditure by Irish Residents,2014,Domestic,Other reasons,Euro Million,154.5
Estimated Expenditure by Irish Residents,2014,Outbound,All reasons for journey,Euro Million,5590.2
Estimated Expenditure by Irish Residents,2014,Outbound,Holiday,Euro Million,3391.1
Estimated Expenditure by Irish Residents,2014,Outbound,Business,Euro Million,812.6
Estimated Expenditure by Irish Residents,2014,Outbound,Visiting friends/relatives,Euro Million,912.1
Estimated Expenditure by Irish Residents,2014,Outbound,Education and training,Euro Million,72.3
Estimated Expenditure by Irish Residents,2014,Outbound,Work/looking for work,Euro Million,114.1
Estimated Expenditure by Irish Residents,2014,Outbound,Sporting events,Euro Million,124.0
Estimated Expenditure by Irish Residents,2014,Outbound,Other reasons,Euro Million,163.9
Estimated Expenditure by Irish Residents,2015,Domestic,All reasons for journey,Euro Million,1725.3
Estimated Expenditure by Irish Residents,2015,Domestic,Holiday,Euro Million,1070.4
Estimated Expenditure by Irish Residents,2015,Domestic,Business,Euro Million,98.0
Estimated Expenditure by Irish Residents,2015,Domestic,Visiting friends/relatives,Euro Million,296.5
Estimated Expenditure by Irish Residents,2015,Domestic,Education and training,Euro Million,60.7
Estimated Expenditure by Irish Residents,2015,Domestic,Work/looking for work,Euro Million,17.9
Estimated Expenditure by Irish Residents,2015,Domestic,Sporting events,Euro Million,58.7
Estimated Expenditure by Irish Residents,2015,Domestic,Other reasons,Euro Million,123.1
Estimated Expenditure by Irish Residents,2015,Outbound,All reasons for journey,Euro Million,6022.1
Estimated Expenditure by Irish Residents,2015,Outbound,Holiday,Euro Million,3836.3
Estimated Expenditure by Irish Residents,2015,Outbound,Business,Euro Million,880.6
Estimated Expenditure by Irish Residents,2015,Outbound,Visiting friends/relatives,Euro Million,759.7
Estimated Expenditure by Irish Residents,2015,Outbound,Education and training,Euro Million,71.0
Estimated Expenditure by Irish Residents,2015,Outbound,Work/looking for work,Euro Million,154.6
Estimated Expenditure by Irish Residents,2015,Outbound,Sporting events,Euro Million,168.1
Estimated Expenditure by Irish Residents,2015,Outbound,Other reasons,Euro Million,151.9
Estimated Expenditure by Irish Residents,2016,Domestic,All reasons for journey,Euro Million,1797.7
Estimated Expenditure by Irish Residents,2016,Domestic,Holiday,Euro Million,1135.8
Estimated Expenditure by Irish Residents,2016,Domestic,Business,Euro Million,106.3
Estimated Expenditure by Irish Residents,2016,Domestic,Visiting friends/relatives,Euro Million,297.0
Estimated Expenditure by Irish Residents,2016,Domestic,Education and training,Euro Million,53.9
Estimated Expenditure by Irish Residents,2016,Domestic,Work/looking for work,Euro Million,19.2
Estimated Expenditure by Irish Residents,2016,Domestic,Sporting events,Euro Million,64.3
Estimated Expenditure by Irish Residents,2016,Domestic,Other reasons,Euro Million,121.2
Estimated Expenditure by Irish Residents,2016,Outbound,All reasons for journey,Euro Million,6539.0
Estimated Expenditure by Irish Residents,2016,Outbound,Holiday,Euro Million,3926.8
Estimated Expenditure by Irish Residents,2016,Outbound,Business,Euro Million,1094.1
Estimated Expenditure by Irish Residents,2016,Outbound,Visiting friends/relatives,Euro Million,893.8
Estimated Expenditure by Irish Residents,2016,Outbound,Education and training,Euro Million,92.8
Estimated Expenditure by Irish Residents,2016,Outbound,Work/looking for work,Euro Million,144.2
Estimated Expenditure by Irish Residents,2016,Outbound,Sporting events,Euro Million,177.9
Estimated Expenditure by Irish Residents,2016,Outbound,Other reasons,Euro Million,209.2
Estimated Expenditure by Irish Residents,2017,Domestic,All reasons for journey,Euro Million,1879.1
Estimated Expenditure by Irish Residents,2017,Domestic,Holiday,Euro Million,1129.2
Estimated Expenditure by Irish Residents,2017,Domestic,Business,Euro Million,123.3
Estimated Expenditure by Irish Residents,2017,Domestic,Visiting friends/relatives,Euro Million,353.1
Estimated Expenditure by Irish Residents,2017,Domestic,Education and training,Euro Million,73.3
Estimated Expenditure by Irish Residents,2017,Domestic,Work/looking for work,Euro Million,19.3
Estimated Expenditure by Irish Residents,2017,Domestic,Sporting events,Euro Million,62.1
Estimated Expenditure by Irish Residents,2017,Domestic,Other reasons,Euro Million,118.7
Estimated Expenditure by Irish Residents,2017,Outbound,All reasons for journey,Euro Million,6890.7
Estimated Expenditure by Irish Residents,2017,Outbound,Holiday,Euro Million,4337.6
Estimated Expenditure by Irish Residents,2017,Outbound,Business,Euro Million,913.8
Estimated Expenditure by Irish Residents,2017,Outbound,Visiting friends/relatives,Euro Million,910.8
Estimated Expenditure by Irish Residents,2017,Outbound,Education and training,Euro Million,165.2
Estimated Expenditure by Irish Residents,2017,Outbound,Work/looking for work,Euro Million,175.7
Estimated Expenditure by Irish Residents,2017,Outbound,Sporting events,Euro Million,185.2
Estimated Expenditure by Irish Residents,2017,Outbound,Other reasons,Euro Million,202.4
Estimated Expenditure by Irish Residents,2018,Domestic,All reasons for journey,Euro Million,2006.0
Estimated Expenditure by Irish Residents,2018,Domestic,Holiday,Euro Million,1232.6
Estimated Expenditure by Irish Residents,2018,Domestic,Business,Euro Million,116.9
Estimated Expenditure by Irish Residents,2018,Domestic,Visiting friends/relatives,Euro Million,352.9
Estimated Expenditure by Irish Residents,2018,Domestic,Education and training,Euro Million,56.7
Estimated Expenditure by Irish Residents,2018,Domestic,Work/looking for work,Euro Million,30.6
Estimated Expenditure by Irish Residents,2018,Domestic,Sporting events,Euro Million,61.6
Estimated Expenditure by Irish Residents,2018,Domestic,Other reasons,Euro Million,154.7
Estimated Expenditure by Irish Residents,2018,Outbound,All reasons for journey,Euro Million,7434.6
Estimated Expenditure by Irish Residents,2018,Outbound,Holiday,Euro Million,4892.9
Estimated Expenditure by Irish Residents,2018,Outbound,Business,Euro Million,1055.6
Estimated Expenditure by Irish Residents,2018,Outbound,Visiting friends/relatives,Euro Million,963.6
Estimated Expenditure by Irish Residents,2018,Outbound,Education and training,Euro Million,103.8
Estimated Expenditure by Irish Residents,2018,Outbound,Work/looking for work,Euro Million,85.0
Estimated Expenditure by Irish Residents,2018,Outbound,Sporting events,Euro Million,173.4
Estimated Expenditure by Irish Residents,2018,Outbound,Other reasons,Euro Million,160.3
Estimated Expenditure by Irish Residents,2019,Domestic,All reasons for journey,Euro Million,2146.6
Estimated Expenditure by Irish Residents,2019,Domestic,Holiday,Euro Million,1335.9
Estimated Expenditure by Irish Residents,2019,Domestic,Business,Euro Million,124.9
Estimated Expenditure by Irish Residents,2019,Domestic,Visiting friends/relatives,Euro Million,371.8
Estimated Expenditure by Irish Residents,2019,Domestic,Education and training,Euro Million,76.4
Estimated Expenditure by Irish Residents,2019,Domestic,Work/looking for work,Euro Million,26.9
Estimated Expenditure by Irish Residents,2019,Domestic,Sporting events,Euro Million,74.4
Estimated Expenditure by Irish Residents,2019,Domestic,Other reasons,Euro Million,136.3
Estimated Expenditure by Irish Residents,2019,Outbound,All reasons for journey,Euro Million,8252.6
Estimated Expenditure by Irish Residents,2019,Outbound,Holiday,Euro Million,5343.0
Estimated Expenditure by Irish Residents,2019,Outbound,Business,Euro Million,1087.6
Estimated Expenditure by Irish Residents,2019,Outbound,Visiting friends/relatives,Euro Million,1028.5
Estimated Expenditure by Irish Residents,2019,Outbound,Education and training,Euro Million,115.0
Estimated Expenditure by Irish Residents,2019,Outbound,Work/looking for work,Euro Million,143.8
Estimated Expenditure by Irish Residents,2019,Outbound,Sporting events,Euro Million,276.0
Estimated Expenditure by Irish Residents,2019,Outbound,Other reasons,Euro Million,258.8
Estimated Expenditure by Irish Residents,2020,Domestic,All reasons for journey,Euro Million,1554.0
Estimated Expenditure by Irish Residents,2020,Domestic,Holiday,Euro Million,1128.0
Estimated Expenditure by Irish Residents,2020,Domestic,Business,Euro Million,62.0
Estimated Expenditure by Irish Residents,2020,Domestic,Visiting friends/relatives,Euro Million,230.0
Estimated Expenditure by Irish Residents,2020,Domestic,Other reasons,Euro Million,133.0
Estimated Expenditure by Irish Residents,2020,Outbound,All reasons for journey,Euro Million,2122.0
Estimated Expenditure by Irish Residents,2021,Domestic,All reasons for journey,Euro Million,1291.0
Estimated Expenditure by Irish Residents,2021,Domestic,Holiday,Euro Million,998.0
Estimated Expenditure by Irish Residents,2021,Domestic,Business,Euro Million,41.0
Estimated Expenditure by Irish Residents,2021,Domestic,Visiting friends/relatives,Euro Million,176.0
Estimated Expenditure by Irish Residents,2021,Domestic,Other reasons,Euro Million,75.0
Estimated Expenditure by Irish Residents,2021,Outbound,All reasons for journey,Euro Million,1958.0
Estimated Expenditure by Irish Residents,2021,Outbound,Holiday,Euro Million,998.0
Estimated Expenditure by Irish Residents,2021,Outbound,Business,Euro Million,177.0
Estimated Expenditure by Irish Residents,2021,Outbound,Visiting friends/relatives,Euro Million,519.0
Estimated Expenditure by Irish Residents,2021,Outbound,Other reasons,Euro Million,264.0
Estimated Expenditure by Irish Residents,2022,Domestic,All reasons for journey,Euro Million,2930.0
Estimated Expenditure by Irish Residents,2022,Domestic,Holiday,Euro Million,1859.0
Estimated Expenditure by Irish Residents,2022,Domestic,Business,Euro Million,172.0
Estimated Expenditure by Irish Residents,2022,Domestic,Visiting friends/relatives,Euro Million,504.0
Estimated Expenditure by Irish Residents,2022,Domestic,Other reasons,Euro Million,396.0
Estimated Expenditure by Irish Residents,2022,Outbound,All reasons for journey,Euro Million,8518.0
Estimated Expenditure by Irish Residents,2022,Outbound,Holiday,Euro Million,5835.0
Estimated Expenditure by Irish Residents,2022,Outbound,Business,Euro Million,841.0
Estimated Expenditure by Irish Residents,2022,Outbound,Visiting friends/relatives,Euro Million,1473.0
Estimated Expenditure by Irish Residents,2022,Outbound,Other reasons,Euro Million,369.0
Estimated Expenditure by Irish Residents,2023,Domestic,All reasons for journey,Euro Million,3121.0
Estimated Expenditure by Irish Residents,2023,Domestic,Holiday,Euro Million,1915.0
Estimated Expenditure by Irish Residents,2023,Domestic,Business,Euro Million,183.0
Estimated Expenditure by Irish Residents,2023,Domestic,Visiting friends/relatives,Euro Million,706.0
Estimated Expenditure by Irish Residents,2023,Domestic,Other reasons,Euro Million,317.0
Estimated Expenditure by Irish Residents,2023,Outbound,All reasons for journey,Euro Million,12947.0
Estimated Expenditure by Irish Residents,2023,Outbound,Holiday,Euro Million,8561.0
Estimated Expenditure by Irish Residents,2023,Outbound,Business,Euro Million,1294.0
Estimated Expenditure by Irish Residents,2023,Outbound,Visiting friends/relatives,Euro Million,2459.0
Estimated Expenditure by Irish Residents,2023,Outbound,Other reasons,Euro Million,633.0
Estimated Expenditure by Irish Residents,2024,Domestic,All reasons for journey,Euro Million,3600.6
Estimated Expenditure by Irish Residents,2024,Domestic,Holiday,Euro Million,2147.3
Estimated Expenditure by Irish Residents,2024,Domestic,Business,Euro Million,217.0
Estimated Expenditure by Irish Residents,2024,Domestic,Visiting friends/relatives,Euro Million,836.6
Estimated Expenditure by Irish Residents,2024,Domestic,Other reasons,Euro Million,399.6
Estimated Expenditure by Irish Residents,2024,Outbound,All reasons for journey,Euro Million,11809.0
Estimated Expenditure by Irish Residents,2024,Outbound,Holiday,Euro Million,7979.8
Estimated Expenditure by Irish Residents,2024,Outbound,Business,Euro Million,976.4
Estimated Expenditure by Irish Residents,2024,Outbound,Visiting friends/relatives,Euro Million,2212.3
Estimated Expenditure by Irish Residents,2024,Outbound,Other reasons,Euro Million,640.6
